student_id,email,firstname,lastname,course_course_id
1,Test@yahoo.com,Nonie,Lacra,3
2,John@yahoo.com,John,Smith,1
3,Taylor@yahoo.com,Taylor,Young,2
4,Pedro@yahoo.com,Pedro,Penduko,5
5,Johnny@yahoo.com,Johnny,Kasalanan,4
6,Mia@yahoo.com,Mia,Khalafi,4
7,Dong@yahoo.com,Dudong,Batumbakal,1
8,Suz@yahoo.com,Suz,"Mar Yosef",2
9,Ben@yahoo.com,Ben,Thung,5
10,M.Tess@yahoo.com,Marie,Tess,4
